<?xml version='1.0' encoding='UTF-8'?>
<Rows>
<Row><Ronda>1</Ronda> <Nome_GP>"Australian Grand Prix"</Nome_GP> <Data>"2012-03-18"</Data> <Nome_Circuito>"Albert Park Grand Prix Circuit"</Nome_Circuito> <Localização>"Melbourne"</Localização> <País>"Australia"</País> <Numero_Piloto>22</Numero_Piloto> <Nome_Piloto>"Jenson"</Nome_Piloto> <Apelido_Piloto>"Button"</Apelido_Piloto> <Nome_Equipa>"McLaren"</Nome_Equipa></Row>
<Row><Ronda>2</Ronda> <Nome_GP>"Malaysian Grand Prix"</Nome_GP> <Data>"2012-03-25"</Data> <Nome_Circuito>"Sepang International Circuit"</Nome_Circuito> <Localização>"Kuala Lumpur"</Localização> <País>"Malaysia"</País> <Numero_Piloto>14</Numero_Piloto> <Nome_Piloto>"Fernando"</Nome_Piloto> <Apelido_Piloto>"Alonso"</Apelido_Piloto> <Nome_Equipa>"Ferrari"</Nome_Equipa></Row>
<Row><Ronda>3</Ronda> <Nome_GP>"Chinese Grand Prix"</Nome_GP> <Data>"2012-04-15"</Data> <Nome_Circuito>"Shanghai International Circuit"</Nome_Circuito> <Localização>"Shanghai"</Localização> <País>"China"</País> <Numero_Piloto>6</Numero_Piloto> <Nome_Piloto>"Nico"</Nome_Piloto> <Apelido_Piloto>"Rosberg"</Apelido_Piloto> <Nome_Equipa>"Mercedes"</Nome_Equipa></Row>
<Row><Ronda>4</Ronda> <Nome_GP>"Bahrain Grand Prix"</Nome_GP> <Data>"2012-04-22"</Data> <Nome_Circuito>"Bahrain International Circuit"</Nome_Circuito> <Localização>"Sakhir"</Localização> <País>"Bahrain"</País> <Numero_Piloto>5</Numero_Piloto> <Nome_Piloto>"Sebastian"</Nome_Piloto> <Apelido_Piloto>"Vettel"</Apelido_Piloto> <Nome_Equipa>"Red Bull"</Nome_Equipa></Row>
<Row><Ronda>5</Ronda> <Nome_GP>"Spanish Grand Prix"</Nome_GP> <Data>"2012-05-13"</Data> <Nome_Circuito>"Circuit de Barcelona-Catalunya"</Nome_Circuito> <Localização>"MontmelÃ³"</Localização> <País>"Spain"</País> <Numero_Piloto>13</Numero_Piloto> <Nome_Piloto>"Pastor"</Nome_Piloto> <Apelido_Piloto>"Maldonado"</Apelido_Piloto> <Nome_Equipa>"Williams"</Nome_Equipa></Row>
<Row><Ronda>6</Ronda> <Nome_GP>"Monaco Grand Prix"</Nome_GP> <Data>"2012-05-27"</Data> <Nome_Circuito>"Circuit de Monaco"</Nome_Circuito> <Localização>"Monte-Carlo"</Localização> <País>"Monaco"</País> <Numero_Piloto>\N</Numero_Piloto> <Nome_Piloto>"Mark"</Nome_Piloto> <Apelido_Piloto>"Webber"</Apelido_Piloto> <Nome_Equipa>"Red Bull"</Nome_Equipa></Row>
<Row><Ronda>7</Ronda> <Nome_GP>"Canadian Grand Prix"</Nome_GP> <Data>"2012-06-10"</Data> <Nome_Circuito>"Circuit Gilles Villeneuve"</Nome_Circuito> <Localização>"Montreal"</Localização> <País>"Canada"</País> <Numero_Piloto>44</Numero_Piloto> <Nome_Piloto>"Lewis"</Nome_Piloto> <Apelido_Piloto>"Hamilton"</Apelido_Piloto> <Nome_Equipa>"McLaren"</Nome_Equipa></Row>
<Row><Ronda>8</Ronda> <Nome_GP>"European Grand Prix"</Nome_GP> <Data>"2012-06-24"</Data> <Nome_Circuito>"Valencia Street Circuit"</Nome_Circuito> <Localização>"Valencia"</Localização> <País>"Spain"</País> <Numero_Piloto>14</Numero_Piloto> <Nome_Piloto>"Fernando"</Nome_Piloto> <Apelido_Piloto>"Alonso"</Apelido_Piloto> <Nome_Equipa>"Ferrari"</Nome_Equipa></Row>
<Row><Ronda>9</Ronda> <Nome_GP>"British Grand Prix"</Nome_GP> <Data>"2012-07-08"</Data> <Nome_Circuito>"Silverstone Circuit"</Nome_Circuito> <Localização>"Silverstone"</Localização> <País>"UK"</País> <Numero_Piloto>\N</Numero_Piloto> <Nome_Piloto>"Mark"</Nome_Piloto> <Apelido_Piloto>"Webber"</Apelido_Piloto> <Nome_Equipa>"Red Bull"</Nome_Equipa></Row>
<Row><Ronda>10</Ronda> <Nome_GP>"German Grand Prix"</Nome_GP> <Data>"2012-07-22"</Data> <Nome_Circuito>"Hockenheimring"</Nome_Circuito> <Localização>"Hockenheim"</Localização> <País>"Germany"</País> <Numero_Piloto>14</Numero_Piloto> <Nome_Piloto>"Fernando"</Nome_Piloto> <Apelido_Piloto>"Alonso"</Apelido_Piloto> <Nome_Equipa>"Ferrari"</Nome_Equipa></Row>
<Row><Ronda>11</Ronda> <Nome_GP>"Hungarian Grand Prix"</Nome_GP> <Data>"2012-07-29"</Data> <Nome_Circuito>"Hungaroring"</Nome_Circuito> <Localização>"Budapest"</Localização> <País>"Hungary"</País> <Numero_Piloto>44</Numero_Piloto> <Nome_Piloto>"Lewis"</Nome_Piloto> <Apelido_Piloto>"Hamilton"</Apelido_Piloto> <Nome_Equipa>"McLaren"</Nome_Equipa></Row>
<Row><Ronda>12</Ronda> <Nome_GP>"Belgian Grand Prix"</Nome_GP> <Data>"2012-09-02"</Data> <Nome_Circuito>"Circuit de Spa-Francorchamps"</Nome_Circuito> <Localização>"Spa"</Localização> <País>"Belgium"</País> <Numero_Piloto>22</Numero_Piloto> <Nome_Piloto>"Jenson"</Nome_Piloto> <Apelido_Piloto>"Button"</Apelido_Piloto> <Nome_Equipa>"McLaren"</Nome_Equipa></Row>
<Row><Ronda>13</Ronda> <Nome_GP>"Italian Grand Prix"</Nome_GP> <Data>"2012-09-09"</Data> <Nome_Circuito>"Autodromo Nazionale di Monza"</Nome_Circuito> <Localização>"Monza"</Localização> <País>"Italy"</País> <Numero_Piloto>44</Numero_Piloto> <Nome_Piloto>"Lewis"</Nome_Piloto> <Apelido_Piloto>"Hamilton"</Apelido_Piloto> <Nome_Equipa>"McLaren"</Nome_Equipa></Row>
<Row><Ronda>14</Ronda> <Nome_GP>"Singapore Grand Prix"</Nome_GP> <Data>"2012-09-23"</Data> <Nome_Circuito>"Marina Bay Street Circuit"</Nome_Circuito> <Localização>"Marina Bay"</Localização> <País>"Singapore"</País> <Numero_Piloto>5</Numero_Piloto> <Nome_Piloto>"Sebastian"</Nome_Piloto> <Apelido_Piloto>"Vettel"</Apelido_Piloto> <Nome_Equipa>"Red Bull"</Nome_Equipa></Row>
<Row><Ronda>15</Ronda> <Nome_GP>"Japanese Grand Prix"</Nome_GP> <Data>"2012-10-07"</Data> <Nome_Circuito>"Suzuka Circuit"</Nome_Circuito> <Localização>"Suzuka"</Localização> <País>"Japan"</País> <Numero_Piloto>5</Numero_Piloto> <Nome_Piloto>"Sebastian"</Nome_Piloto> <Apelido_Piloto>"Vettel"</Apelido_Piloto> <Nome_Equipa>"Red Bull"</Nome_Equipa></Row>
<Row><Ronda>16</Ronda> <Nome_GP>"Korean Grand Prix"</Nome_GP> <Data>"2012-10-14"</Data> <Nome_Circuito>"Korean International Circuit"</Nome_Circuito> <Localização>"Yeongam County"</Localização> <País>"Korea"</País> <Numero_Piloto>5</Numero_Piloto> <Nome_Piloto>"Sebastian"</Nome_Piloto> <Apelido_Piloto>"Vettel"</Apelido_Piloto> <Nome_Equipa>"Red Bull"</Nome_Equipa></Row>
<Row><Ronda>17</Ronda> <Nome_GP>"Indian Grand Prix"</Nome_GP> <Data>"2012-10-28"</Data> <Nome_Circuito>"Buddh International Circuit"</Nome_Circuito> <Localização>"Uttar Pradesh"</Localização> <País>"India"</País> <Numero_Piloto>5</Numero_Piloto> <Nome_Piloto>"Sebastian"</Nome_Piloto> <Apelido_Piloto>"Vettel"</Apelido_Piloto> <Nome_Equipa>"Red Bull"</Nome_Equipa></Row>
<Row><Ronda>18</Ronda> <Nome_GP>"Abu Dhabi Grand Prix"</Nome_GP> <Data>"2012-11-04"</Data> <Nome_Circuito>"Yas Marina Circuit"</Nome_Circuito> <Localização>"Abu Dhabi"</Localização> <País>"UAE"</País> <Numero_Piloto>7</Numero_Piloto> <Nome_Piloto>"Kimi"</Nome_Piloto> <Apelido_Piloto>"RÃ¤ikkÃ¶nen"</Apelido_Piloto> <Nome_Equipa>"Lotus F1"</Nome_Equipa></Row>
<Row><Ronda>19</Ronda> <Nome_GP>"United States Grand Prix"</Nome_GP> <Data>"2012-11-18"</Data> <Nome_Circuito>"Circuit of the Americas"</Nome_Circuito> <Localização>"Austin"</Localização> <País>"USA"</País> <Numero_Piloto>44</Numero_Piloto> <Nome_Piloto>"Lewis"</Nome_Piloto> <Apelido_Piloto>"Hamilton"</Apelido_Piloto> <Nome_Equipa>"McLaren"</Nome_Equipa></Row>
<Row><Ronda>20</Ronda> <Nome_GP>"Brazilian Grand Prix"</Nome_GP> <Data>"2012-11-25"</Data> <Nome_Circuito>"AutÃ³dromo JosÃ© Carlos Pace"</Nome_Circuito> <Localização>"SÃ£o Paulo"</Localização> <País>"Brazil"</País> <Numero_Piloto>22</Numero_Piloto> <Nome_Piloto>"Jenson"</Nome_Piloto> <Apelido_Piloto>"Button"</Apelido_Piloto> <Nome_Equipa>"McLaren"</Nome_Equipa></Row>
</Rows>
